email,label
Win a free iPhone now!,spam
Meeting at 10 AM,ham
Your loan is approved,spam
Get rich quick scheme,spam
Please review the attached document,ham
Buy now and save 50%,spam
Lunch meeting rescheduled,ham
Exclusive offer just for you,spam
Can we reschedule our call?,ham
Final reminder: Invoice due,ham
You have won a prize!,spam
Team meeting minutes attached,ham
Win a free iPhone now!,spam
Meeting at 10 AM,ham
Your loan is approved,spam
Get rich quick scheme,spam
Please review the attached document,ham
Buy now and save 50%,spam
Lunch meeting rescheduled,ham
Exclusive offer just for you,spam
Can we reschedule our call?,ham
Final reminder: Invoice due,ham
You have won a prize!,spam
Team meeting minutes attached,ham
Win a free iPhone now!,spam
Meeting at 10 AM,ham
Your loan is approved,spam
Get rich quick scheme,spam
Please review the attached document,ham
Buy now and save 50%,spam
Lunch meeting rescheduled,ham
Exclusive offer just for you,spam
Can we reschedule our call?,ham
Final reminder: Invoice due,ham
You have won a prize!,spam
Team meeting minutes attached,ham
Win a free iPhone now!,spam
Meeting at 10 AM,ham
Your loan is approved,spam
Get rich quick scheme,spam
Please review the attached document,ham
Buy now and save 50%,spam
Lunch meeting rescheduled,ham
Exclusive offer just for you,spam
Can we reschedule our call?,ham
Final reminder: Invoice due,ham
You have won a prize!,spam
Team meeting minutes attached,ham
Win a free iPhone now!,spam
Meeting at 10 AM,ham
Your loan is approved,spam
Get rich quick scheme,spam
Please review the attached document,ham
Buy now and save 50%,spam
Lunch meeting rescheduled,ham
Exclusive offer just for you,spam
Can we reschedule our call?,ham
Final reminder: Invoice due,ham
You have won a prize!,spam
Team meeting minutes attached,ham
Win a free iPhone now!,spam
Meeting at 10 AM,ham
Your loan is approved,spam
Get rich quick scheme,spam
Please review the attached document,ham
Buy now and save 50%,spam
Lunch meeting rescheduled,ham
Exclusive offer just for you,spam
Can we reschedule our call?,ham
Final reminder: Invoice due,ham
You have won a prize!,spam
Team meeting minutes attached,ham
Win a free iPhone now!,spam
Meeting at 10 AM,ham
Your loan is approved,spam
Get rich quick scheme,spam
Please review the attached document,ham
Buy now and save 50%,spam
Lunch meeting rescheduled,ham
Exclusive offer just for you,spam
Can we reschedule our call?,ham
Final reminder: Invoice due,ham
You have won a prize!,spam
Team meeting minutes attached,ham
Win a free iPhone now!,spam
Meeting at 10 AM,ham
Your loan is approved,spam
Get rich quick scheme,spam
Please review the attached document,ham
Buy now and save 50%,spam
Lunch meeting rescheduled,ham
Exclusive offer just for you,spam
Can we reschedule our call?,ham
Final reminder: Invoice due,ham
You have won a prize!,spam
Team meeting minutes attached,ham
Win a free iPhone now!,spam
Meeting at 10 AM,ham
Your loan is approved,spam
Get rich quick scheme,spam
Please review the attached document,ham
Buy now and save 50%,spam
Lunch meeting rescheduled,ham
Exclusive offer just for you,spam
Can we reschedule our call?,ham
Final reminder: Invoice due,ham
You have won a prize!,spam
Team meeting minutes attached,ham
Win a free iPhone now!,spam
Meeting at 10 AM,ham
Your loan is approved,spam
Get rich quick scheme,spam
Please review the attached document,ham
Buy now and save 50%,spam
Lunch meeting rescheduled,ham
Exclusive offer just for you,spam
Can we reschedule our call?,ham
Final reminder: Invoice due,ham
You have won a prize!,spam
Team meeting minutes attached,ham
Win a free iPhone now!,spam
Meeting at 10 AM,ham
Your loan is approved,spam
Get rich quick scheme,spam
Please review the attached document,ham
Buy now and save 50%,spam
Lunch meeting rescheduled,ham
Exclusive offer just for you,spam
Can we reschedule our call?,ham
Final reminder: Invoice due,ham
You have won a prize!,spam
Team meeting minutes attached,ham
Win a free iPhone now!,spam
Meeting at 10 AM,ham
Your loan is approved,spam
Get rich quick scheme,spam
Please review the attached document,ham
Buy now and save 50%,spam
Lunch meeting rescheduled,ham
Exclusive offer just for you,spam
Can we reschedule our call?,ham
Final reminder: Invoice due,ham
You have won a prize!,spam
Team meeting minutes attached,ham
Win a free iPhone now!,spam
Meeting at 10 AM,ham
Your loan is approved,spam
Get rich quick scheme,spam
Please review the attached document,ham
Buy now and save 50%,spam
Lunch meeting rescheduled,ham
Exclusive offer just for you,spam
Can we reschedule our call?,ham
Final reminder: Invoice due,ham
You have won a prize!,spam
Team meeting minutes attached,ham
Win a free iPhone now!,spam
Meeting at 10 AM,ham
Your loan is approved,spam
Get rich quick scheme,spam
Please review the attached document,ham
Buy now and save 50%,spam
Lunch meeting rescheduled,ham
Exclusive offer just for you,spam
Can we reschedule our call?,ham
Final reminder: Invoice due,ham
You have won a prize!,spam
Team meeting minutes attached,ham
Win a free iPhone now!,spam
Meeting at 10 AM,ham
Your loan is approved,spam
Get rich quick scheme,spam
Please review the attached document,ham
Buy now and save 50%,spam
Lunch meeting rescheduled,ham
Exclusive offer just for you,spam
Can we reschedule our call?,ham
Final reminder: Invoice due,ham
You have won a prize!,spam
Team meeting minutes attached,ham
Win a free iPhone now!,spam
Meeting at 10 AM,ham
Your loan is approved,spam
Get rich quick scheme,spam
Please review the attached document,ham
Buy now and save 50%,spam
Lunch meeting rescheduled,ham
Exclusive offer just for you,spam
Can we reschedule our call?,ham
Final reminder: Invoice due,ham
You have won a prize!,spam
Team meeting minutes attached,ham
Win a free iPhone now!,spam
Meeting at 10 AM,ham
Your loan is approved,spam
Get rich quick scheme,spam
Please review the attached document,ham
Buy now and save 50%,spam
Lunch meeting rescheduled,ham
Exclusive offer just for you,spam
Can we reschedule our call?,ham
Final reminder: Invoice due,ham
You have won a prize!,spam
Team meeting minutes attached,ham
Win a free iPhone now!,spam
Meeting at 10 AM,ham
Your loan is approved,spam
Get rich quick scheme,spam
Please review the attached document,ham
Buy now and save 50%,spam
Lunch meeting rescheduled,ham
Exclusive offer just for you,spam
Can we reschedule our call?,ham
Final reminder: Invoice due,ham
You have won a prize!,spam
Team meeting minutes attached,ham
Win a free iPhone now!,spam
Meeting at 10 AM,ham
Your loan is approved,spam
Get rich quick scheme,spam
Please review the attached document,ham
Buy now and save 50%,spam
Lunch meeting rescheduled,ham
Exclusive offer just for you,spam
Can we reschedule our call?,ham
Final reminder: Invoice due,ham
You have won a prize!,spam
Team meeting minutes attached,ham
Win a free iPhone now!,spam
Meeting at 10 AM,ham
Your loan is approved,spam
Get rich quick scheme,spam
Please review the attached document,ham
Buy now and save 50%,spam
Lunch meeting rescheduled,ham
Exclusive offer just for you,spam
Can we reschedule our call?,ham
Final reminder: Invoice due,ham
You have won a prize!,spam
Team meeting minutes attached,ham
Win a free iPhone now!,spam
Meeting at 10 AM,ham
Your loan is approved,spam
Get rich quick scheme,spam
Please review the attached document,ham
Buy now and save 50%,spam
Lunch meeting rescheduled,ham
Exclusive offer just for you,spam
Can we reschedule our call?,ham
Final reminder: Invoice due,ham
You have won a prize!,spam
Team meeting minutes attached,ham
Win a free iPhone now!,spam
Meeting at 10 AM,ham
Your loan is approved,spam
Get rich quick scheme,spam
Please review the attached document,ham
Buy now and save 50%,spam
Lunch meeting rescheduled,ham
Exclusive offer just for you,spam
Can we reschedule our call?,ham
Final reminder: Invoice due,ham
You have won a prize!,spam
Team meeting minutes attached,ham
Win a free iPhone now!,spam
Meeting at 10 AM,ham
Your loan is approved,spam
Get rich quick scheme,spam
Please review the attached document,ham
Buy now and save 50%,spam
Lunch meeting rescheduled,ham
Exclusive offer just for you,spam
Can we reschedule our call?,ham
Final reminder: Invoice due,ham
You have won a prize!,spam
Team meeting minutes attached,ham
Win a free iPhone now!,spam
Meeting at 10 AM,ham
Your loan is approved,spam
Get rich quick scheme,spam
Please review the attached document,ham
Buy now and save 50%,spam
Lunch meeting rescheduled,ham
Exclusive offer just for you,spam
Can we reschedule our call?,ham
Final reminder: Invoice due,ham
You have won a prize!,spam
Team meeting minutes attached,ham
Win a free iPhone now!,spam
Meeting at 10 AM,ham
Your loan is approved,spam
Get rich quick scheme,spam
Please review the attached document,ham
Buy now and save 50%,spam
Lunch meeting rescheduled,ham
Exclusive offer just for you,spam
Can we reschedule our call?,ham
Final reminder: Invoice due,ham
You have won a prize!,spam
Team meeting minutes attached,ham
Win a free iPhone now!,spam
Meeting at 10 AM,ham
Your loan is approved,spam
Get rich quick scheme,spam
Please review the attached document,ham
Buy now and save 50%,spam
Lunch meeting rescheduled,ham
Exclusive offer just for you,spam
Can we reschedule our call?,ham
Final reminder: Invoice due,ham
You have won a prize!,spam
Team meeting minutes attached,ham
Win a free iPhone now!,spam
Meeting at 10 AM,ham
Your loan is approved,spam
Get rich quick scheme,spam
Please review the attached document,ham
Buy now and save 50%,spam
Lunch meeting rescheduled,ham
Exclusive offer just for you,spam
Can we reschedule our call?,ham
Final reminder: Invoice due,ham
You have won a prize!,spam
Team meeting minutes attached,ham
Win a free iPhone now!,spam
Meeting at 10 AM,ham
Your loan is approved,spam
Get rich quick scheme,spam
Please review the attached document,ham
Buy now and save 50%,spam
Lunch meeting rescheduled,ham
Exclusive offer just for you,spam
Can we reschedule our call?,ham
Final reminder: Invoice due,ham
You have won a prize!,spam
Team meeting minutes attached,ham
Win a free iPhone now!,spam
Meeting at 10 AM,ham
Your loan is approved,spam
Get rich quick scheme,spam
Please review the attached document,ham
Buy now and save 50%,spam
Lunch meeting rescheduled,ham
Exclusive offer just for you,spam
Can we reschedule our call?,ham
Final reminder: Invoice due,ham
You have won a prize!,spam
Team meeting minutes attached,ham
Win a free iPhone now!,spam
Meeting at 10 AM,ham
Your loan is approved,spam
Get rich quick scheme,spam
Please review the attached document,ham
Buy now and save 50%,spam
Lunch meeting rescheduled,ham
Exclusive offer just for you,spam
Can we reschedule our call?,ham
Final reminder: Invoice due,ham
You have won a prize!,spam
Team meeting minutes attached,ham
Win a free iPhone now!,spam
Meeting at 10 AM,ham
Your loan is approved,spam
Get rich quick scheme,spam
Please review the attached document,ham
Buy now and save 50%,spam
Lunch meeting rescheduled,ham
Exclusive offer just for you,spam
Can we reschedule our call?,ham
Final reminder: Invoice due,ham
You have won a prize!,spam
Team meeting minutes attached,ham
Win a free iPhone now!,spam
Meeting at 10 AM,ham
Your loan is approved,spam
Get rich quick scheme,spam
Please review the attached document,ham
Buy now and save 50%,spam
Lunch meeting rescheduled,ham
Exclusive offer just for you,spam
Can we reschedule our call?,ham
Final reminder: Invoice due,ham
You have won a prize!,spam
Team meeting minutes attached,ham
Win a free iPhone now!,spam
Meeting at 10 AM,ham
Your loan is approved,spam
Get rich quick scheme,spam
Please review the attached document,ham
Buy now and save 50%,spam
Lunch meeting rescheduled,ham
Exclusive offer just for you,spam
Can we reschedule our call?,ham
Final reminder: Invoice due,ham
You have won a prize!,spam
Team meeting minutes attached,ham
Win a free iPhone now!,spam
Meeting at 10 AM,ham
Your loan is approved,spam
Get rich quick scheme,spam
Please review the attached document,ham
Buy now and save 50%,spam
Lunch meeting rescheduled,ham
Exclusive offer just for you,spam
Can we reschedule our call?,ham
Final reminder: Invoice due,ham
You have won a prize!,spam
Team meeting minutes attached,ham
Win a free iPhone now!,spam
Meeting at 10 AM,ham
Your loan is approved,spam
Get rich quick scheme,spam
Please review the attached document,ham
Buy now and save 50%,spam
Lunch meeting rescheduled,ham
Exclusive offer just for you,spam
Can we reschedule our call?,ham
Final reminder: Invoice due,ham
You have won a prize!,spam
Team meeting minutes attached,ham
Win a free iPhone now!,spam
Meeting at 10 AM,ham
Your loan is approved,spam
Get rich quick scheme,spam
Please review the attached document,ham
Buy now and save 50%,spam
Lunch meeting rescheduled,ham
Exclusive offer just for you,spam
Can we reschedule our call?,ham
Final reminder: Invoice due,ham
You have won a prize!,spam
Team meeting minutes attached,ham
Win a free iPhone now!,spam
Meeting at 10 AM,ham
Your loan is approved,spam
Get rich quick scheme,spam
Please review the attached document,ham
Buy now and save 50%,spam
Lunch meeting rescheduled,ham
Exclusive offer just for you,spam
Can we reschedule our call?,ham
Final reminder: Invoice due,ham
You have won a prize!,spam
Team meeting minutes attached,ham
Win a free iPhone now!,spam
Meeting at 10 AM,ham
Your loan is approved,spam
Get rich quick scheme,spam
Please review the attached document,ham
Buy now and save 50%,spam
Lunch meeting rescheduled,ham
Exclusive offer just for you,spam
Can we reschedule our call?,ham
Final reminder: Invoice due,ham
You have won a prize!,spam
Team meeting minutes attached,ham
Win a free iPhone now!,spam
Meeting at 10 AM,ham
Your loan is approved,spam
Get rich quick scheme,spam
Please review the attached document,ham
Buy now and save 50%,spam
Lunch meeting rescheduled,ham
Exclusive offer just for you,spam
Can we reschedule our call?,ham
Final reminder: Invoice due,ham
You have won a prize!,spam
Team meeting minutes attached,ham
Win a free iPhone now!,spam
Meeting at 10 AM,ham
Your loan is approved,spam
Get rich quick scheme,spam
Please review the attached document,ham
Buy now and save 50%,spam
Lunch meeting rescheduled,ham
Exclusive offer just for you,spam
Can we reschedule our call?,ham
Final reminder: Invoice due,ham
You have won a prize!,spam
Team meeting minutes attached,ham
Win a free iPhone now!,spam
Meeting at 10 AM,ham
Your loan is approved,spam
Get rich quick scheme,spam
Please review the attached document,ham
Buy now and save 50%,spam
Lunch meeting rescheduled,ham
Exclusive offer just for you,spam
Can we reschedule our call?,ham
Final reminder: Invoice due,ham
You have won a prize!,spam
Team meeting minutes attached,ham
Win a free iPhone now!,spam
Meeting at 10 AM,ham
Your loan is approved,spam
Get rich quick scheme,spam
Please review the attached document,ham
Buy now and save 50%,spam
Lunch meeting rescheduled,ham
Exclusive offer just for you,spam
Can we reschedule our call?,ham
Final reminder: Invoice due,ham
You have won a prize!,spam
Team meeting minutes attached,ham
Win a free iPhone now!,spam
Meeting at 10 AM,ham
Your loan is approved,spam
Get rich quick scheme,spam
Please review the attached document,ham
Buy now and save 50%,spam
Lunch meeting rescheduled,ham
Exclusive offer just for you,spam
Can we reschedule our call?,ham
Final reminder: Invoice due,ham
You have won a prize!,spam
Team meeting minutes attached,ham
Win a free iPhone now!,spam
Meeting at 10 AM,ham
Your loan is approved,spam
Get rich quick scheme,spam
Please review the attached document,ham
Buy now and save 50%,spam
Lunch meeting rescheduled,ham
Exclusive offer just for you,spam
Can we reschedule our call?,ham
Final reminder: Invoice due,ham
You have won a prize!,spam
Team meeting minutes attached,ham
Win a free iPhone now!,spam
Meeting at 10 AM,ham
Your loan is approved,spam
Get rich quick scheme,spam
Please review the attached document,ham
Buy now and save 50%,spam
Lunch meeting rescheduled,ham
Exclusive offer just for you,spam
Can we reschedule our call?,ham
Final reminder: Invoice due,ham
You have won a prize!,spam
Team meeting minutes attached,ham
Win a free iPhone now!,spam
Meeting at 10 AM,ham
Your loan is approved,spam
Get rich quick scheme,spam
Please review the attached document,ham
Buy now and save 50%,spam
Lunch meeting rescheduled,ham
Exclusive offer just for you,spam
Can we reschedule our call?,ham
Final reminder: Invoice due,ham
You have won a prize!,spam
Team meeting minutes attached,ham
Win a free iPhone now!,spam
Meeting at 10 AM,ham
Your loan is approved,spam
Get rich quick scheme,spam
Please review the attached document,ham
Buy now and save 50%,spam
Lunch meeting rescheduled,ham
Exclusive offer just for you,spam
Can we reschedule our call?,ham
Final reminder: Invoice due,ham
You have won a prize!,spam
Team meeting minutes attached,ham
Win a free iPhone now!,spam
Meeting at 10 AM,ham
Your loan is approved,spam
Get rich quick scheme,spam
Please review the attached document,ham
Buy now and save 50%,spam
Lunch meeting rescheduled,ham
Exclusive offer just for you,spam
Can we reschedule our call?,ham
Final reminder: Invoice due,ham
You have won a prize!,spam
Team meeting minutes attached,ham
Win a free iPhone now!,spam
Meeting at 10 AM,ham
Your loan is approved,spam
Get rich quick scheme,spam
Please review the attached document,ham
Buy now and save 50%,spam
Lunch meeting rescheduled,ham
Exclusive offer just for you,spam
Can we reschedule our call?,ham
Final reminder: Invoice due,ham
You have won a prize!,spam
Team meeting minutes attached,ham
Win a free iPhone now!,spam
Meeting at 10 AM,ham
Your loan is approved,spam
Get rich quick scheme,spam
Please review the attached document,ham
Buy now and save 50%,spam
Lunch meeting rescheduled,ham
Exclusive offer just for you,spam
Can we reschedule our call?,ham
Final reminder: Invoice due,ham
You have won a prize!,spam
Team meeting minutes attached,ham
